<Anims>
 <anim name="anim_90s" root="armor_bone" numframes="1000" framerate="40">
  <frame idx="0" w="190" h="317" x="-37.098034" y="-102.590256">
   <element name="armor_my_folder" layername="armor_my_folder" frame="11" z_index="1" m_a="1.000000" m_b="0.000000" m_c="0.000000" m_d="1.000000" m_tx="-0.007564" m_ty="-0.418672"/>
  </frame>
  <frame idx="25" w="190" h="317" x="-37.098034" y="-102.590256">
   <element name="armor_my_folder" layername="armor_my_folder" frame="11" z_index="1" m_a="1.000000" m_b="0.000000" m_c="0.000000" m_d="1.000000" m_tx="-0.007564" m_ty="-0.418672"/>
  </frame>
  <frame idx="50" w="190" h="317" x="-37.098034" y="-102.590256">
   <element name="armor_my_folder" layername="armor_my_folder" frame="11" z_index="1" m_a="1.000000" m_b="0.000000" m_c="0.000000" m_d="1.000000" m_tx="-0.007564" m_ty="-0.418672"/>
  </frame>
  <frame idx="75" w="190" h="317" x="-37.098034" y="-102.590256">
   <element name="armor_my_folder" layername="armor_my_folder" frame="11" z_index="1" m_a="1.000000" m_b="0.000000" m_c="0.000000" m_d="1.000000" m_tx="-0.007564" m_ty="-0.418672"/>
  </frame>
  <frame idx="100" w="190" h="317" x="-37.098034" y="-102.590256">
   <element name="armor_my_folder" layername="armor_my_folder" frame="11" z_index="1" m_a="1.000000" m_b="0.000000" m_c="0.000000" m_d="1.000000" m_tx="-0.007564" m_ty="-0.418672"/>
  </frame>
  <frame idx="125" w="190" h="317" x="-37.098034" y="-102.590256">
   <element name="armor_my_folder" layername="armor_my_folder" frame="11" z_index="1" m_a="1.000000" m_b="0.000000" m_c="0.000000" m_d="1.000000" m_tx="-0.007564" m_ty="-0.418672"/>
  </frame>
  <frame idx="150" w="190" h="317" x="-37.098034" y="-102.590256">
   <element name="armor_my_folder" layername="armor_my_folder" frame="11" z_index="1" m_a="1.000000" m_b="0.000000" m_c="0.000000" m_d="1.000000" m_tx="-0.007564" m_ty="-0.418672"/>
  </frame>
  <frame idx="175" w="190" h="317" x="-37.098034" y="-102.590256">
   <element name="armor_my_folder" layername="armor_my_folder" frame="11" z_index="1" m_a="1.000000" m_b="0.000000" m_c="0.000000" m_d="1.000000" m_tx="-0.007564" m_ty="-0.418672"/>
  </frame>
  <frame idx="200" w="190" h="317" x="-37.098034" y="-102.590256">
   <element name="armor_my_folder" layername="armor_my_folder" frame="11" z_index="1" m_a="1.000000" m_b="0.000000" m_c="0.000000" m_d="1.000000" m_tx="-0.007564" m_ty="-0.418672"/>
  </frame>
  <frame idx="225" w="190" h="317" x="-37.098034" y="-102.590256">
   <element name="armor_my_folder" layername="armor_my_folder" frame="11" z_index="1" m_a="1.000000" m_b="0.000000" m_c="0.000000" m_d="1.000000" m_tx="-0.007564" m_ty="-0.418672"/>
  </frame>
  <frame idx="250" w="190" h="317" x="-37.098034" y="-102.590256">
   <element name="armor_my_folder" layername="armor_my_folder" frame="11" z_index="1" m_a="1.000000" m_b="0.000000" m_c="0.000000" m_d="1.000000" m_tx="-0.007564" m_ty="-0.418672"/>
  </frame>
  <frame idx="275" w="190" h="317" x="-37.098034" y="-102.590256">
   <element name="armor_my_folder" layername="armor_my_folder" frame="11" z_index="1" m_a="1.000000" m_b="0.000000" m_c="0.000000" m_d="1.000000" m_tx="-0.007564" m_ty="-0.418672"/>
  </frame>
  <frame idx="300" w="190" h="317" x="-37.098034" y="-102.590256">
   <element name="armor_my_folder" layername="armor_my_folder" frame="11" z_index="1" m_a="1.000000" m_b="0.000000" m_c="0.000000" m_d="1.000000" m_tx="-0.007564" m_ty="-0.418672"/>
  </frame>
  <frame idx="325" w="190" h="317" x="-37.098034" y="-102.590256">
   <element name="armor_my_folder" layername="armor_my_folder" frame="11" z_index="1" m_a="1.000000" m_b="0.000000" m_c="0.000000" m_d="1.000000" m_tx="-0.007564" m_ty="-0.418672"/>
  </frame>
  <frame idx="350" w="190" h="317" x="-37.098034" y="-102.590256">
   <element name="armor_my_folder" layername="armor_my_folder" frame="11" z_index="1" m_a="1.000000" m_b="0.000000" m_c="0.000000" m_d="1.000000" m_tx="-0.007564" m_ty="-0.418672"/>
  </frame>
  <frame idx="375" w="190" h="317" x="-37.098034" y="-102.590256">
   <element name="armor_my_folder" layername="armor_my_folder" frame="11" z_index="1" m_a="1.000000" m_b="0.000000" m_c="0.000000" m_d="1.000000" m_tx="-0.007564" m_ty="-0.418672"/>
  </frame>
  <frame idx="400" w="190" h="317" x="-37.098034" y="-102.590256">
   <element name="armor_my_folder" layername="armor_my_folder" frame="11" z_index="1" m_a="1.000000" m_b="0.000000" m_c="0.000000" m_d="1.000000" m_tx="-0.007564" m_ty="-0.418672"/>
  </frame>
  <frame idx="425" w="190" h="317" x="-37.098034" y="-102.590256">
   <element name="armor_my_folder" layername="armor_my_folder" frame="11" z_index="1" m_a="1.000000" m_b="0.000000" m_c="0.000000" m_d="1.000000" m_tx="-0.007564" m_ty="-0.418672"/>
  </frame>
  <frame idx="450" w="190" h="317" x="-37.098034" y="-102.590256">
   <element name="armor_my_folder" layername="armor_my_folder" frame="11" z_index="1" m_a="1.000000" m_b="0.000000" m_c="0.000000" m_d="1.000000" m_tx="-0.007564" m_ty="-0.418672"/>
  </frame>
  <frame idx="475" w="190" h="317" x="-37.098034" y="-102.590256">
   <element name="armor_my_folder" layername="armor_my_folder" frame="11" z_index="1" m_a="1.000000" m_b="0.000000" m_c="0.000000" m_d="1.000000" m_tx="-0.007564" m_ty="-0.418672"/>
  </frame>
  <frame idx="500" w="190" h="317" x="-37.098034" y="-102.590256">
   <element name="armor_my_folder" layername="armor_my_folder" frame="11" z_index="1" m_a="1.000000" m_b="0.000000" m_c="0.000000" m_d="1.000000" m_tx="-0.007564" m_ty="-0.418672"/>
  </frame>
  <frame idx="525" w="190" h="317" x="-37.098034" y="-102.590256">
   <element name="armor_my_folder" layername="armor_my_folder" frame="11" z_index="1" m_a="1.000000" m_b="0.000000" m_c="0.000000" m_d="1.000000" m_tx="-0.007564" m_ty="-0.418672"/>
  </frame>
  <frame idx="550" w="190" h="317" x="-37.098034" y="-102.590256">
   <element name="armor_my_folder" layername="armor_my_folder" frame="11" z_index="1" m_a="1.000000" m_b="0.000000" m_c="0.000000" m_d="1.000000" m_tx="-0.007564" m_ty="-0.418672"/>
  </frame>
  <frame idx="575" w="190" h="317" x="-37.098034" y="-102.590256">
   <element name="armor_my_folder" layername="armor_my_folder" frame="11" z_index="1" m_a="1.000000" m_b="0.000000" m_c="0.000000" m_d="1.000000" m_tx="-0.007564" m_ty="-0.418672"/>
  </frame>
  <frame idx="600" w="190" h="317" x="-37.098034" y="-102.590256">
   <element name="armor_my_folder" layername="armor_my_folder" frame="11" z_index="1" m_a="1.000000" m_b="0.000000" m_c="0.000000" m_d="1.000000" m_tx="-0.007564" m_ty="-0.418672"/>
  </frame>
  <frame idx="625" w="190" h="317" x="-37.098034" y="-102.590256">
   <element name="armor_my_folder" layername="armor_my_folder" frame="11" z_index="1" m_a="1.000000" m_b="0.000000" m_c="0.000000" m_d="1.000000" m_tx="-0.007564" m_ty="-0.418672"/>
  </frame>
  <frame idx="650" w="190" h="317" x="-37.098034" y="-102.590256">
   <element name="armor_my_folder" layername="armor_my_folder" frame="11" z_index="1" m_a="1.000000" m_b="0.000000" m_c="0.000000" m_d="1.000000" m_tx="-0.007564" m_ty="-0.418672"/>
  </frame>
  <frame idx="675" w="190" h="317" x="-37.098034" y="-102.590256">
   <element name="armor_my_folder" layername="armor_my_folder" frame="11" z_index="1" m_a="1.000000" m_b="0.000000" m_c="0.000000" m_d="1.000000" m_tx="-0.007564" m_ty="-0.418672"/>
  </frame>
  <frame idx="700" w="190" h="317" x="-37.098034" y="-102.590256">
   <element name="armor_my_folder" layername="armor_my_folder" frame="11" z_index="1" m_a="1.000000" m_b="0.000000" m_c="0.000000" m_d="1.000000" m_tx="-0.007564" m_ty="-0.418672"/>
  </frame>
  <frame idx="725" w="190" h="317" x="-37.098034" y="-102.590256">
   <element name="armor_my_folder" layername="armor_my_folder" frame="11" z_index="1" m_a="1.000000" m_b="0.000000" m_c="0.000000" m_d="1.000000" m_tx="-0.007564" m_ty="-0.418672"/>
  </frame>
  <frame idx="750" w="190" h="317" x="-37.098034" y="-102.590256">
   <element name="armor_my_folder" layername="armor_my_folder" frame="11" z_index="1" m_a="1.000000" m_b="0.000000" m_c="0.000000" m_d="1.000000" m_tx="-0.007564" m_ty="-0.418672"/>
  </frame>
  <frame idx="775" w="190" h="317" x="-37.098034" y="-102.590256">
   <element name="armor_my_folder" layername="armor_my_folder" frame="11" z_index="1" m_a="1.000000" m_b="0.000000" m_c="0.000000" m_d="1.000000" m_tx="-0.007564" m_ty="-0.418672"/>
  </frame>
  <frame idx="800" w="190" h="317" x="-37.098034" y="-102.590256">
   <element name="armor_my_folder" layername="armor_my_folder" frame="11" z_index="1" m_a="1.000000" m_b="0.000000" m_c="0.000000" m_d="1.000000" m_tx="-0.007564" m_ty="-0.418672"/>
  </frame>
  <frame idx="825" w="190" h="317" x="-37.098034" y="-102.590256">
   <element name="armor_my_folder" layername="armor_my_folder" frame="11" z_index="1" m_a="1.000000" m_b="0.000000" m_c="0.000000" m_d="1.000000" m_tx="-0.007564" m_ty="-0.418672"/>
  </frame>
  <frame idx="850" w="190" h="317" x="-37.098034" y="-102.590256">
   <element name="armor_my_folder" layername="armor_my_folder" frame="11" z_index="1" m_a="1.000000" m_b="0.000000" m_c="0.000000" m_d="1.000000" m_tx="-0.007564" m_ty="-0.418672"/>
  </frame>
  <frame idx="875" w="190" h="317" x="-37.098034" y="-102.590256">
   <element name="armor_my_folder" layername="armor_my_folder" frame="11" z_index="1" m_a="1.000000" m_b="0.000000" m_c="0.000000" m_d="1.000000" m_tx="-0.007564" m_ty="-0.418672"/>
  </frame>
  <frame idx="900" w="190" h="317" x="-37.098034" y="-102.590256">
   <element name="armor_my_folder" layername="armor_my_folder" frame="11" z_index="1" m_a="1.000000" m_b="0.000000" m_c="0.000000" m_d="1.000000" m_tx="-0.007564" m_ty="-0.418672"/>
  </frame>
  <frame idx="925" w="190" h="317" x="-37.098034" y="-102.590256">
   <element name="armor_my_folder" layername="armor_my_folder" frame="11" z_index="1" m_a="1.000000" m_b="0.000000" m_c="0.000000" m_d="1.000000" m_tx="-0.007564" m_ty="-0.418672"/>
  </frame>
  <frame idx="950" w="190" h="317" x="-37.098034" y="-102.590256">
   <element name="armor_my_folder" layername="armor_my_folder" frame="11" z_index="1" m_a="1.000000" m_b="0.000000" m_c="0.000000" m_d="1.000000" m_tx="-0.007564" m_ty="-0.418672"/>
  </frame>
  <frame idx="975" w="190" h="317" x="-37.098034" y="-102.590256">
   <element name="armor_my_folder" layername="armor_my_folder" frame="11" z_index="1" m_a="1.000000" m_b="0.000000" m_c="0.000000" m_d="1.000000" m_tx="-0.007564" m_ty="-0.418672"/>
  </frame>
 </anim>
</Anims>
